442773438202388480,312281953,en
442773442413473792,115344598,tr
442773442430251009,160145944,pt
442773450810462208,2380999669,en
442773450814685184,1975680840,en
442773450818859008,2180989528,tr
442773450810478592,2196679530,en
442773455000584192,93860528,tr
442773454992211968,1582474164,tr
442773455004385280,2316586249,en
442773455000571904,117956917,es
442773455000199168,525578457,tr
442773454983823360,217665903,es
442773454996406272,162573857,es
442773455012786176,609237088,en
442773455017369600,753767124,es
442773454996398080,1520468995,en
442773454987997184,2175160612,en
442773454979596289,375038274,en
442773455008591872,2283978936,en
442773459194904576,450451093,en
442773459203260416,325758722,es
442773459194896384,256787342,es
442773459211284480,963620936,en
442773459211653120,103977502,es
442773459194896385,2269430017,en
442773459177709568,1923915716,en
442773467591876608,332533121,en
442773467570900992,546400212,en
442773467570532353,364969874,en
442773467574714368,2371240702,tr
442773467583094784,378118344,es
442773467570507776,366511883,en
442773467599884289,138950623,en
442773467595694080,2367514280,en
442773467574726656,16929281,en
442773467562119169,1528024914,es
442773475976314880,137743745,en
442773475967516672,2307833204,es
442773475950731264,334384987,es
442773475955322880,215972112,nl
442773475972096001,2355274955,tr
442773480162226176,45493902,en
442773480149630976,2197066620,en
442773480149643265,312175437,en
442773484343934976,79809941,de
442773484348145664,288969835,es
442773488542441472,49935891,en
442773496926834688,1588494577,en
442773496939421697,272971346,en
442773496935227392,2198358914,tr
442773496939421698,878809027,es
442773496935219202,1248634460,es
442773496931024896,2200840199,tr
442773496955822080,731279228,es
442773501142126592,923673584,pt
442773501124935681,216208177,en
442773501150515201,266525359,es
442773501133332480,2251113984,es
442773513737220097,171750243,en
442773517898383361,2379568621,es
442773517931929600,2218475726,tr
442773517898358784,976131650,en
442773517927735296,144875138,tr
442773517915160577,1601482963,tr
442773517915127808,165258791,en
442773517915136000,315443069,pt
442773526282792961,2377620942,tr
442773530493870080,302579100,tr
442773538874081280,2220036857,tr
442773543068389376,193158576,en
442773543072198656,2197298831,en
442773543072174080,2155652196,es
442773543068385280,2152794010,fr
442773547253907456,302056032,en
442773547271086081,1170548990,es
442773547274866688,554176517,en
442773551452389377,367375639,pt
442773551461199872,244251765,es
442773555668090880,385874355,en
442773555655081985,314431764,tr
442773555663867905,487824156,es
442773555647090688,1434527347,es
442773555647119360,395441127,en
442773555668074496,183826726,es
442773559849811968,461438290,en
442773559862390784,52595487,pt
442773559862374400,261133515,es
442773559849803776,2148886595,en
442773559841406976,166230221,en
442773564069261313,437841333,es
442773564069261312,1320449624,pt
442773564069269504,2232544857,es
442773564052471810,494497281,de
442773564065079296,360062830,pt
442773564065079297,2284016537,tr
442773568250974208,2381016385,en
442773572457877504,2337613805,tr
442773572436512768,864999842,fr
442773572432297985,915257881,fr
442773572423938048,401792149,en
442773572441104384,708075933,fr
442773572453662721,2222055626,tr
442773576622804993,1577918142,tr
442773576627015680,1863785509,fr
442773576622813184,863385577,tr
442773576635392000,2342425072,en
442773576647966720,614716112,pt
442773576643788801,461292415,en
442773576622825473,2228295122,tr
442773576652165120,133064041,es
442773576639201280,2339587794,en
442773580846092289,508121603,en
442773585003036672,943865852,tr
442773585024020480,93937403,es
442773589205745665,345095407,es
442773589230505985,27028944,en
442773589205336065,585153608,en
442773589201149952,2322262642,de
442773589222502400,150084201,es
442773593408405504,2344884287,tr
442773593391644672,2277629503,tr
442773593425203200,472978722,en
442773593420607488,464505021,en
442773593395441664,301753916,en
442773593421021184,954072438,tr
442773215929446400,69512000,es
442773215937437696,327098951,en
442773215908495360,324593126,en
442773215908478978,2333454157,tr
442773215921045504,831874748,pt
442773215937855490,541945833,tr
442773220102770689,613746755,en
442773220119547904,219849313,es
442773220115369984,218634038,es
442773220123742208,14074612,en
442773220132143104,562413101,en
442773220127961088,61066976,fr
442773220123762689,91439070,en
442773220114984960,825532916,en
442773224297099264,86612527,tr
442773224313872386,256069287,en
442773224313868288,2323971318,en
442773224318070784,292506079,en
442773228516564992,1198581654,es
442773232685690881,233139600,es
442773241086488576,138913698,es
442773241086488577,32213059,en
442773245268598784,426949052,it
442773245277003776,702670280,en
442773245293387776,22337697,en
442773245281177600,2173236783,tr
442773249487691776,2211309926,tr
442773249492262912,722973,en
442773249483489281,2215779692,en
442773253661405184,32115913,es
442773253686562816,524272291,es
442773253673582592,21527544,en
442773253682393088,485142429,en
442773257859514368,63615980,en
442773262062600193,1939187113,en
442773262050025472,989652972,tr
442773262041620480,1226524915,en
442773266244313088,1891483638,pt
442773278831423488,374194981,en
442773283029929986,2377478947,de
442773283025747969,474906460,tr
442773283034120192,36756153,en
442773283034136576,2157629650,de
442773283025338368,164696827,fr
442773283029929984,522637348,en
442773283042127872,1056874345,en
442773287207460864,296141359,tr
442773287232630784,140059142,it
442773291405557760,2218330866,en
442773295599853568,174694945,en
442773295620820993,604874685,en
442773295625031680,1924308144,en
442773299819741185,377620349,it
442773308199940096,2379211675,en
442773312373268481,2195577825,tr
442773316575956993,2276633257,en
442773320795439104,321850004,en
442773324989759489,392278061,en
442773324993925121,136162837,es
442773324993941504,513778552,en
442773324959985665,2152383900,en
442773333378363392,2331883885,tr
442773333369978880,2157400741,en
442773333344788480,1020436646,fr
442773333369556992,1499440238,en
442773333357363200,1538542178,tr
442773333357363200,1538542178,tr
442773337543286785,215274245,es
442773337539100673,116471943,en
442773337559678976,1364532768,tr
442773337576865792,2271463706,en
442773341758574592,574420895,en
442773341733392384,1354697688,en
442773341762367488,2232309205,de
442773341766569984,1856160050,en
442773345936109569,1859123180,pt
442773345957068801,2360004656,es
442773345936093184,2246216142,en
442773345939902464,54179454,en
442773345931522048,2250060277,en
442773350130409473,825315397,tr
442773350142582784,262895912,en
442773350155173888,250202236,en
442773350126202880,2365737565,tr
442773350138777600,356435340,es
442773350151356416,2362862696,en
442773350159360000,1240301070,en
442773354349854721,2333964350,tr
442773354315907073,584696835,nl
442773354316333056,154268656,tr
442773354349465600,2202260004,es
442773362721693696,519719551,en
442773371106103296,1400636833,tr
442773371097726976,342434086,en
442773375292026880,889473056,tr
442773379498909696,295310496,es
442773379519893504,318475206,en
442773379511488512,110185698,en
442773379503099904,1139189431,es
442773379494326272,2166879426,es
442773379498508288,2377348735,en
442773379519508481,2379301502,en
442773379515301888,230771373,en
442773379511099392,2377769857,en
442773379481747458,2377334624,en
442773379519496192,2377344438,en
442773379502710784,2369589576,en
442773379507322880,203568527,es
442773379511103488,2379323323,en
442773379485949952,277679093,en
442773379515314176,2378740447,en
442773383709982721,2381047075,es
442773383701602304,35052100,en
442773383705808896,2234452824,en
442773383714193408,2282657960,en
442773383692824577,1094939881,tr
442773383705419776,35884258,fr
442773383701204992,868544809,es
442773383714189313,2380838035,es
442773383688638466,1131842508,tr
442773383701221376,612817667,en
442773387900100608,565779239,pt
442773387908497408,2375248969,it
442773387870760960,559908345,tr
442773392089808896,569701980,en
442773392102809601,2374600286,es
442773392102797312,1504492448,en
442773396271955968,1636462345,en
442773396267737088,55833347,es
442773396259352576,286813372,en
442773396279918592,37375695,en
442773396259360768,471274997,es
442773396297093120,1977673094,tr
442773396258947072,2236498632,fr
442773400466235392,995202097,nl
442773400486821891,41525940,en
442773400457842688,920011711,tr
442773404677341184,981394507,en
442773404652146688,40344139,en
442773404685320192,2352317588,en
442773417251454976,2310830431,de
442773421437382656,2307528908,es
442773421462933504,548237581,en
442773425623691264,2196666156,en
442773425653035008,281848559,es
442773425657217024,2268616518,tr
442773429826375680,966393187,tr
442773429851533312,203583637,fr
442773429847339008,218101905,pt
442773429834756096,108245103,en
442773429830561793,2285435131,en
442773429830578176,2354947700,en
442773429851525120,770042760,en
442773429834772480,519606061,es
442773434020679681,222924118,en
442773434029064192,2170513105,pt
442773434037444608,2219880515,tr
442773450789511168,2389527135,de
442773081707511808,842902866,es
442773081715511296,1340685529,en
442773085889257472,105137862,tr
442773085889249280,1868769211,en
442773085910216704,2348474017,en
442773085884661761,2218330866,pt
442773085897240576,1096997989,en
442773085910212608,382548902,es
442773085897228289,527455334,fr
442773090091941888,625983238,pt
442773090091945984,442225839,en
442773090112512000,1304845688,es
442773090083569664,868246158,es
442773090099949568,73137862,en
442773090074771457,370223163,en
442773090099937280,1941603475,tr
442773090087358464,2320098466,de
442773090096148480,1784111546,fr
442773090075172864,100277728,es
442773094282067968,177056563,en
442773094269472768,1118179142,en
442773094294646786,1868902206,en
442773094298443776,1646660935,es
442773094307205120,80428568,es
442773094269476864,2329284391,en
442773094277476352,1113061207,es
442773094273277952,1700135330,en
442773094281654273,280005544,tr
442773094277472257,744029114,en
442773094277849088,951868628,es
442773094290456577,2212241853,en
442773094290440192,476092829,fr
442773094298419200,430971141,en
442773094294642688,2357037619,es
442773094307201024,106067573,nl
442773094298824704,293925084,it
442773094298820608,566835173,en
442773094290436097,707157831,en
442773098476371968,1215217873,fr
442773098493145088,1453388054,en
442773098501521408,232683694,es
442773098484760577,1711430894,nl
442773098467954689,94543753,pt
442773098484727808,348898953,en
442773098497331200,499777570,en
442773098463391745,322955881,en
442773098463780864,944457504,fr
442773098467983360,2163173770,en
442773098484760576,2271744680,en
442773098480537601,1214094583,nl
442773098476367872,159631308,es
442773098472165377,1152460206,en
442773098476343296,1275766734,pt
442773098467975168,150058183,es
442773098467954690,171852180,nl
442773098484740097,412741075,en
442773098484359168,390507204,en
442773098501537792,1602915301,en
442773098480144384,384029025,en
442773098493120512,260069475,pt
442773098467954691,259895923,en
442773098484740098,1418873024,en
442773102662254592,2370822512,en
442773102691250176,1949417107,en
442773102670671872,68140799,de
442773102661885952,162529710,en
442773102662266881,348981869,pt
442773102695841792,1030560510,fr
442773102674853888,1132302841,en
442773102687436800,2261723996,tr
442773102674472961,511430179,en
442773102691647488,187175473,en
442773102683246592,272658135,en
442773106885951488,1120351772,fr
442773106885943297,294643113,pt
442773106864955392,419086574,en
442773106873335808,447339201,es
442773106852384768,42550087,en
442773106890129409,62081726,en
442773106877149184,2345362238,en
442773106852392960,2371270824,en
442773111055081473,1280230021,en
442773111063072769,540050710,en
442773111063453697,2361505056,en
442773111084421120,2195991066,tr
442773111059251200,2247527809,pt
442773111063474177,1707833413,es
442773111067664384,386696024,en
442773111046680576,408152974,it
442773111046676480,30778486,en
442773115240976385,2361301348,es
442773115240972289,358933113,es
442773115257368576,983480402,en
442773115266166784,289631893,pt
442773115265748993,273723066,en
442773115249385473,1621256983,es
442773115253567488,148890440,pt
442773115253555200,526856363,es
442773115241000960,2282878004,es
442773115240583168,846813984,en
442773115278733312,86239647,en
442773123650572288,47810870,de
442773123654758402,464873091,tr
442773127836475394,2352651436,tr
442773132047572992,2199577980,tr
442773136250253312,1110734946,en
442773136250273792,1168824637,en
442773136241483776,18724978,en
442773136237678592,245948735,es
442773136220905472,259553256,en
442773140406820864,35317288,en
442773140440379392,332121045,tr
442773140427399168,2314639915,en
442773140406427649,128435440,es
442773140431974400,274250410,en
442773140415188992,120618431,es
442773140423180288,1406654204,en
442773144617885696,1459204771,en
442773144601112576,1383938335,tr
442773144609116160,53291559,en
442773144634290176,551658832,fr
442773144638459904,70775437,en
442773148795437057,324402309,fr
442773148824772608,263917444,en
442773153014890497,625815730,en
442773153023287296,2275934249,en
442773152993918977,19815513,en
442773153010683904,518921181,es
442773153014906880,551500391,en
442773153023291392,1900935578,en
442773152998105089,366884659,es
442773152998100992,2357469512,en
442773153010294784,476255661,en
442773153010704384,454189301,en
442773153010712576,2244140580,fr
442773157200789504,1198946665,es
442773157188210688,1289237582,es
442773157221785600,2304351613,tr
442773157200404480,569441740,fr
442773157192417280,2396545660,en
442773157221761024,905768059,tr
442773157192011776,486255597,en
442773157212999681,346774952,en
442773157187837952,1385960173,en
442773157192425472,896586049,es
442773161395101696,1883841612,en
442773161378320384,2231919703,pt
442773161386708992,620298719,tr
442773161377923072,1414293931,en
442773161407705089,525005120,en
442773161403486208,1921908667,pt
442773161386328064,35940641,en
442773161382129664,2195594622,tr
442773161399287808,2363143394,en
442773165576822784,110577480,en
442773165601996801,2304125161,en
442773165576839168,282416505,tr
442773165605781504,23005276,en
442773165585223681,2381002153,es
442773169804689409,2292456153,en
442773169783709696,2361507104,en
442773173961232384,144896882,en
442773173998600192,1458419990,en
442773173969645568,2199965636,tr
442773178172325888,1449840877,es
442773178184912896,943043497,en
442773186548355073,496937023,tr
442773186560950272,237228641,es
442773186560937985,21612784,en
442773186544140288,749888966,tr
442773186577694721,548979685,tr
442773186544164864,2367619255,en
442773186577321984,439891999,en
442773186568929280,478065884,en
442773186569314304,970557288,es
442773186577727488,141611993,en
442773190755225600,22186236,en
442773190767816704,567711690,en
442773199143854081,1589017729,es
442773199139643392,149116348,it
442773199156043776,151336453,en
442773199143854080,590805972,tr
442773199164809216,181293648,en
442773203333967873,2222729522,en
442773203359125504,157127795,en
442773207519485953,134905526,en
442773207548829697,357200126,en
442773211747725312,130293905,es
442773211722551296,102405761,es
442773215937830912,2374173187,de
442773215929462784,565611528,en
442773215937855488,358722394,tr
442773215933263872,2291994318,en
442773215908483072,50820136,es
442773215929438208,96945053,fr
442773215916859393,182770604,fr
442773215916462080,465641161,es
442773215904301056,148534625,nl
442773215929053185,511842244,en
442773215925268480,1046536614,es
442773215916457984,606452326,en
442773215924871168,315993964,en
442772926501122048,801587791,en
442772926509899776,2147814738,pt
442772926522490880,602926876,es
442772926509879296,324534518,es
442772926505693184,879782978,tr
442772930700009472,789908557,en
442772930720972801,222924118,en
442772930695798784,1472706128,tr
442772930691616768,1086077664,es
442772930691596288,552920429,pt
442772930703810560,2200958861,tr
442772930720985088,244659700,tr
442772934902300672,615359898,en
442772934902308864,279012652,tr
442772934910676993,295859305,tr
442772934915293184,327291591,en
442772934911074304,2345681462,en
442772939088621568,1061069810,en
442772943282921472,2258138947,tr
442772943287115776,1735584001,tr
442772943278731264,2303315837,tr
442772943278727168,2352964124,en
442772951700897793,391719514,es
442772951687897089,2332641385,en
442772951692484608,901452696,en
442772951692476416,365044717,en
442772955865841664,256670325,en
442772955865833472,593322152,es
442772955857444864,943283352,tr
442772955890974721,370152794,fr
442772955874213888,103670145,en
442772955865817088,540322166,en
442772955878395904,287955526,es
442772955890974720,2209571245,tr
442772955890974720,2209571245,tr
442772960060137472,2274788028,en
442772960051748864,138623618,es
442772960085282816,2220394465,tr
442772964262420480,200309072,es
442772968448749569,500759862,nl
442772968452923392,2165328141,tr
442772968440352769,2361500874,en
442772968444551168,297089041,es
442772968473522176,1570078484,en
442772972655628288,424564311,es
442772972642643969,1928043908,en
442772972634636289,98495690,pt
442772972643033088,392086180,nl
442772972664008704,300326855,en
442772972634644480,2176993527,tr
442772972672393216,1466102749,es
442772976828547072,2335125582,en
442772976833150976,473954954,en
442772976862523392,519276546,en
442772981031632896,454356930,it
442772989424463872,2374336278,en
442772997821448192,268988924,en
442772997825650688,582031781,fr
442772997821464577,85820170,es
442772997834018816,1498342176,tr
442772997838217217,408702322,tr
442773002011566081,515412821,en
442773002011570176,2170192819,es
442773002019954688,776296118,en
442773010416943104,2361505154,en
442773014610862080,592982462,en
442773014602870785,196606109,en
442773014607036416,1393644656,en
442773014615429120,968335327,tr
442773014589865985,117978239,en
442773018776190976,54143968,tr
442773018801364992,213681159,en
442773018780385280,605486968,en
442773027181592578,190519754,en
442773027160604672,2361517123,en
442773027173175296,2347388520,en
442773027164794880,461466431,tr
442773031392641024,2274931332,en
442773031359086592,1059300794,tr
442773035566002177,46907838,es
442773035574374400,360176790,pt
442773039772893184,2377136682,pt
442773039764492288,111034136,es
442773039777079297,1880120528,es
442773039747706880,1692093384,es
442773039751905281,255947035,tr
442773043937820672,2347409328,en
442773043971358720,2304125161,en
442773043975561216,1920593934,fr
442773043971362816,81122260,es
442773048132112385,452530265,en
442773052330627072,321502177,en
442773052330229761,355213233,es
442773056533311488,1267464738,en
442773056558477312,1439511043,fr
442773056549695488,54734319,en
442773056537493505,43739573,fr
442773060719239168,708937704,tr
442773060719239169,729342288,tr
442773060740206592,391436641,es
442773060744380416,1510626108,tr
442773060736004097,2379141650,tr
442773060736024576,1707553548,tr
442773060740210688,2352709134,en
442773060731826176,704863801,tr
442773060740218880,607267353,tr
442773060719214593,2230359344,tr
442773060740202497,765552331,tr
442773060731813888,2378478632,tr
442773060740210691,734510454,tr
442773060715024384,708770766,tr
442773060731817984,2351342434,tr
442773060723408896,232657209,en
442773060719247360,2390254377,es
442773060715053056,351241527,en
442773060731822080,2192402775,tr
442773060719226880,873866904,tr
442773060736020481,994570860,tr
442773060715036674,176018125,tr
442773060723425280,561429692,tr
442773060719239170,1643561234,en
442773060739805184,1677372079,en
442773060752785408,2169648605,de
442773060727619585,591149223,tr
442773060748595200,2221090668,tr
442773060744396800,2241849295,tr
442773060715044864,35918462,en
442773060740210689,578808021,tr
442773060719247361,2208550503,tr
442773060723441665,15038764,nl
442773060723412992,1099972086,en
442773060735991809,295577015,en
442773060744392705,2276625883,tr
442773060740186112,2379087974,tr
442773060752400384,399638031,es
442773060715028481,605722130,tr
442773060735995904,1735901946,tr
442773060723036160,35956919,en
442773060727619584,2272872567,en
442773060719230977,349671678,en
442773060715032576,2350979501,tr
442773060740194304,1723531014,es
442773064917721088,2373091017,en
442773064921939968,626749669,es
442773064917712896,599637333,en
442773064934506496,78946477,en
442773064909348864,328711680,tr
442773064917327872,273728223,en
442773064926126080,537246633,en
442773064942903296,565802569,en
442773064934498304,590665692,es
442773064921923584,1452178111,en
442773064938708992,701549081,fr
442773064929902592,2360113381,en
442773064938700801,426776483,it
442773064926113792,598453658,fr
442773064942886912,2397834646,en
442773064913129472,2270869572,en
442773064946704384,10207502,en
442773064942882816,886064588,es
442773064942501888,746412283,en
442773064917336064,549901154,en
442773064908951552,55081692,en
442773069107855360,2380405452,pt
442773069128802304,529425777,es
442773069120417792,310849816,en
442773069112033280,355908886,en
442773069115846657,2338801885,en
442773069124599809,796075177,tr
442773069120405504,1479869665,tr
442773069116227584,74274493,en
442773069128425472,1291666778,en
442773069141409792,235165234,es
442773069133021184,2284036098,pt
442773069120028673,2374767822,en
442773069103255552,1338219096,pt
442773069103644672,2334113802,en
442773069116215297,2197548068,tr
442773069103235072,579687520,en
442773069133004800,272555305,pt
442773069107433473,1418775942,en
442773069107834881,2194253929,tr
442773069124599810,422137582,tr
442773069124612096,2256515274,fr
442773069128404993,2156150546,en
442773069124599808,1094432754,en
442773069107822592,1601731602,en
442773073335701504,167099266,pt
442773073310519296,1289398466,en
442773073323110400,305644006,es
442773073310547968,310849816,en
442773073306324992,9313982,en
442773073335693313,1620147696,en
442773073310531584,2256873768,es
442773073310547970,274947704,tr
442773073326915584,533517349,en
442773073331490816,762246392,en
442773073323130882,210768768,en
442773073314316289,38629204,en
442773073318531072,2374620739,en
442773073318522880,357187374,es
442773073306324993,323535274,en
442773073318924288,2316958718,en
442773073318531073,108921038,de
442773073331486721,2397801179,en
442773073323130880,201881667,en
442773073314340864,587055014,en
442773073331122177,57083767,en
442773077529989120,2229381926,en
442773077517021184,634791158,en
442773077492252673,368002889,en
442773077496463360,276535182,en
442773077500645376,1858362908,en
442773077509025793,2184841005,tr
442773077496451073,432290489,en
442773077509013504,1692093384,es
442773081699147776,1040503081,es
442773081690734592,935687930,en
442773597619490818,2203686576,tr
442773597585936384,950156568,fr
442772519666610176,535906421,es
442772519687168000,347953000,en
442772519658209281,1556352386,pt
442772519653634048,306848243,es
442772528071979008,2370832375,en
442772532270096384,1869617612,es
442772532241121280,163706568,en
442772536439627776,2221958298,en
442772536448016384,1643193535,es
442772536456400896,619396453,en
442772536460210176,1297529113,en
442772536464392192,2191495400,en
442772536451796993,1702708694,en
442772540625551361,300348030,pt
442772540637708288,1176759475,en
442772540620943361,617496712,en
442772540642316288,484987132,es
442772540625149952,1096717465,en
442772540642324480,968351976,tr
442772544815628289,85561012,es
442772544836632576,326188964,tr
442772544840798208,45113326,en
442772549014151168,2170601910,tr
442772549022519297,1899306536,tr
442772549039325185,74182494,en
442772549022539777,74911801,es
442772553204244480,2169948478,tr
442772553242005504,253151269,en
442772553233604609,21354645,en
442772553216430081,1965695340,en
442772553225207809,1426343412,es
442772553221029888,321991661,es
442772561630621696,427083089,en
442772561592852480,248473389,en
442772565816127489,559936230,tr
442772569981456384,363187193,es
442772570015027201,352558569,tr
442772574188351488,217473214,tr
442772578399428608,1372268022,en
442772582576574464,2321166700,de
442772582593732608,2221457863,tr
442772595172450304,1419675391,en
442772595172454400,1126331382,en
442772595180851200,2394708370,en
442772595172057088,2178923868,es
442772603540099072,2224489051,tr
442772603573248001,1521285871,es
442772607738580992,2301243672,es
442772607734403072,936548305,en
442772607754964993,1427757265,en
442772607729795073,104714986,en
442772607734407169,331929548,en
442772607763361792,1181276755,en
442772611953852418,97461443,tr
442772611949273088,2344051062,en
442772611924500480,604854665,en
442772611962249216,1253390814,en
442772611953868800,768137580,en
442772620342493184,232347107,en
442772628718497793,2271468948,en
442772628718485504,754884996,en
442772628735262720,440970728,en
442772628722294784,1869819248,en
442772632925376512,2389065897,de
442772632904413184,950337842,en
442772632896016384,2163604521,es
442772637115498496,40480217,tr
442772641322373120,836252406,en
442772641314000896,2196532771,en
442772641288814592,1600212031,en
442772641305595904,399627511,en
442772645491118080,412918189,en
442772645487316992,104882677,es
442772649677451264,936509016,tr
442772649710587904,364425394,en
442772649681633280,289017474,fr
442772649673256960,347575646,en
442772649702617088,2374167998,de
442772653884329984,2383081649,tr
442772653904912384,2367835187,de
442772658082832384,398144504,en
442772658099597312,2264438238,en
442772662293905408,263553529,en
442772662289707008,189873223,tr
442772662285115392,145479560,en
442772662285516801,367428749,es
442772662255767553,1568863062,en
442772666483621890,720659720,en
442772666479804416,240887986,pt
442772670674116608,2377477440,de
442772670669946881,54143968,tr
442772674855845888,1430282256,it
442772683257028608,2350623048,en
442772687434579968,2332476805,de
442772687459733504,2350623048,en
442772687447130112,585307743,es
442772687451340800,1558258789,en
442772691645648898,54995699,en
442772691624280064,2341344685,en
442772691649826816,347152630,tr
442772691632668672,979492164,en
442772691653648384,629217780,en
442772691645644800,303475720,en
442772695827353600,470814109,en
442772695827369984,2243509481,tr
442772695827378176,2365989150,de
442772695826964480,362969876,en
442772695844126721,287266760,tr
442772695839956993,1828127262,de
442772695831572480,110541890,es
442772700025872384,2197112892,en
442772708427059200,284347858,en
442772708414480384,221405407,es
442772716794691584,1880609576,es
442772716782092288,2377027373,tr
442772716794703872,221717141,en
442772716806889472,324097181,en
442772733580279808,1611660350,en
442772737762021376,195446379,es
442772737757835264,307610332,es
442772737753612288,493049447,tr
442772737774608385,1493694986,tr
442772737757810688,175517665,es
442772746146422786,2328022491,de
442772746179969024,245753614,en
442772746162810880,242864063,tr
442772750357495809,187542683,tr
442772750344925184,529761476,en
442772750353326080,2357302269,tr
442772750365495297,2287127136,en
442772758762889216,484083718,it
442772758758703104,477861450,en
442772762932035584,536757512,pt
442772762956812288,579394303,en
442772767113744384,361958876,es
442772767134720000,2345696575,en
442772767130132480,945132620,en
442772767151505408,607364488,es
442772767126347776,1904521082,es
442772767117967361,420813817,en
442772767143129091,705748537,tr
442772767151521792,2370801505,en
442772779708870656,1959714626,pt
442772783894765568,229610316,tr
442772783903547392,2334044724,en
442772788114632704,20019333,en
442772796473876480,2195427013,en
442772796511629312,108578172,es
442772796507426817,1353219920,es
442772804862480384,26391566,en
442772809090355200,166738545,pt
442772809065181184,2343848399,en
442772809073168384,15422759,en
442772809056780289,833830597,tr
442772813272059905,2195440980,en
442772817470586881,2308250530,tr
442772821664886784,810432306,tr
442772821660676097,48892939,es
442772825850789888,1475415090,tr
442772825867567104,2303837363,de
442772825867186176,731730038,es
442772830057693184,1438323672,en
442772830027935744,2354351125,es
442772830028300288,2288969245,en
442772830049296386,76101186,es
442772834234822656,100396724,es
442772834256191490,793235078,pt
442772834230599680,470492981,de
442772838450487296,216390087,es
442772842648981504,1273929354,es
442772842627604480,2200541726,en
442772842648567809,1131699692,en
442772846813917184,2347514922,es
442772846805544960,22186236,en
442772855198347264,2287125253,tr
442772855219318785,95109118,pt
442772855214702593,477178126,es
442772859401031680,2227074668,tr
442772863612125184,202754419,es
442772863620509698,2169146036,de
442772867777060864,756902306,fr
442772867814797313,2195362128,en
442772872004509696,1058418409,pt
442772876174032896,2234893656,en
442772876186648576,321347676,es
442772876174049280,1455601796,pt
442772876199223297,109308367,es
442772876169846784,2334097261,en
442772880393527298,2285576774,en
442772880364175360,554380087,tr
442772884566863872,1948587019,en
442772888756957184,2209570688,tr
442772888760774656,2380141885,en
442772888756555777,2374160328,en
442772892963848192,2374129532,de
442772897166544896,2324007073,en
442772905555136512,138562365,es
442772905538359296,745138442,tr
442772905533767680,252308116,en
442772905546756096,1461796033,es
442772905550946304,705050689,en
442772905563541505,2276634853,en
442772905529987073,401672483,tr
442772905529593856,372536856,en
442772909732679680,420615132,en
442772909736861696,512522648,en
442772909720104961,2274894355,en
442772909753266177,244134739,tr
442772909723885568,298981060,en
442772909728473088,453200639,es
442772909732278272,129020711,en
442772909736869889,1039615766,es
442772913914413056,722585383,tr
442772913947955200,1432970792,en
442772913914003456,142088060,en
442772913947942913,950106234,en
442772913939152896,1091127878,en
442772913939156992,1268501348,en
442772913939165184,161069689,en
442772913914007553,1265992992,en
442772913947561985,546002206,en
442772913934983168,802699034,en
442772913918578689,2375561784,es
442772913922400256,167660530,en
442772913926975489,96660730,es
442772913947938816,435032530,es
442772913926582273,577141530,en
442772913926991872,388855756,es
442772913931186176,765044136,en
442772913918590976,354178987,nl
442772913943363585,461547722,es
442772918138073089,2358628232,es
442772918120873984,447434349,pt
442772918108684288,90152103,pt
442772918125469696,556621428,en
442772918146449408,2314138514,fr
442772918133456896,1019474130,en
442772918121287680,559956120,en
442772918129672192,548618440,en
442772918117101568,424598897,es
442772918133456898,840457268,en
442772918125068291,565723045,en
442772918133465088,455299023,en
442772918121271298,447371044,es
442772918129688576,569276285,fr
442772918129680384,162913178,pt
442772918129291264,1672101944,pt
442772918112911360,894297678,es
442772918112505856,549470159,es
442772918133469184,431758789,en
442772918129688577,292330883,es
442772918121279488,333149859,en
442772918108299265,1699465788,es
442772922323972097,810588462,tr
442772922319785984,2203219720,fr
442772922311380992,2380966284,pt
442772922323972096,204924388,en
442772922332381184,934174099,tr
442772926509887488,308737034,en
442772926535045120,618444502,tr
442772926505697281,1230944815,es
442772926505705472,2378703083,it
442772926514081792,2392371533,fr
442772926509506560,465507714,en
442772926526652416,145800110,tr
442772926509895680,120807666,fr
442772926526267392,2363112516,en
442772985234333696,443130548,en
442772985225949184,283665603,en
442772993631326208,1463466440,en
442772007982485504,2191862986,tr
442772007944716288,2287049431,en
442772012168388608,96902482,tr
442772020536016896,2397801995,en
442772020527648769,1595499474,tr
442772024742907904,280711768,es
442772024730333184,446554776,en
442772028916256768,1955169938,en
442772028945604608,1705611680,en
442772033148313600,1525835017,en
442772033127342080,333577969,tr
442772033131544576,934543909,tr
442772033118953472,1314808560,es
442772033139527680,1661332975,en
442772033139904512,2304827652,tr
442772033131524096,1550750707,fr
442772033118543872,48257287,es
442772037309050880,2381024893,en
442772037330030594,617299133,tr
442772037313257472,32623019,en
442772037317431296,253813416,es
442772037325836288,2377321896,it
442772037317046272,552286210,es
442772037342593024,593525370,es
442772037325819904,583073694,fr
442772041499168769,600546416,en
442772041511739393,40253940,en
442772041503354881,407883955,es
442772041499168768,182227858,en
442772041507553280,1102701162,en
442772049920933888,28700693,en
442772054081679360,1238191062,en
442772054082084865,503303414,it
442772058284752896,1608650467,tr
442772058305753088,629615644,fr
442772054115225600,552115939,fr
442772062500036609,239594281,pt
442772062491267073,2314805664,en
442772070876053504,632706623,es
442772070871859200,621183628,fr
442772070888665089,1072336411,en
442772070871859201,149536435,en
442772070879883265,1220623730,en
442772070896656384,603616129,de
442772070871887872,1352916152,en
442772075070373890,733415089,pt
442772075057782785,2232896618,en
442772075066163200,2245375198,tr
442772075091329024,202409806,en
442772075066179584,538862392,tr
442772083471167488,1653452209,de
442772083475763200,409876901,en
442772083479564288,1573848038,pt
442772087649107968,1481841290,tr
442772087661670402,369115933,es
442772091834998786,2325634032,fr
442772091830804481,1280015155,tr
442772091863986176,2173165752,de
442772091864367105,2281746239,en
442772096062865408,70179238,en
442772096054493185,116832572,es
442772100236193792,1436484673,fr
442772104426323968,249820819,en
442772108612231168,2249234821,tr
442772108633206784,2165754374,es
442772108641599488,1569776154,tr
442772112823312384,1777884296,tr
442772112823316480,849909475,es
442772112801951744,306813344,tr
442772112831700992,594829278,en
442772117033979905,562891392,de
442772121207721984,327575765,en
442772121211514880,574137647,en
442772129587929088,380413385,en
442772133803208705,1245721116,en
442772133778059264,925501236,tr
442772133781856256,2166302076,en
442772137988734976,2338309178,en
442772142196002816,211309366,tr
442772142170849282,2261399940,tr
442772142183415810,2174207432,en
442772142170468352,1681709202,es
442772142162051073,2336772770,de
442772142162055168,2234002872,de
442772142183419904,332862609,en
442772146390302720,992188440,es
442772146365157376,308778581,en
442772146377719808,473352522,tr
442772146381922304,532596096,tr
442772146394128384,1209356762,pt
442772146356768769,2192301876,en
442772150584631296,826030825,es
442772150588411904,2174973061,en
442772150580436993,160765446,en
442772150572032000,529250880,en
442772154761760768,1547708744,fr
442772154782724097,784995410,fr
442772154753376256,1855552166,fr
442772154761752576,745925796,fr
442772158939672577,1488176736,fr
442772158977441792,310086542,de
442772158968655872,2239445347,en
442772163163353089,276106782,en
442772163171737602,1868724626,en
442772163142356992,612427363,tr
442772167345057792,2181963235,en
442772167345045504,2193751264,tr
442772171535175680,223999717,en
442772171535167489,1558968050,tr
442772175754637313,2170058817,en
442772175733669888,2211500370,en
442772179927977984,2380808036,pt
442772179915382784,627697374,es
442772192506687488,227829410,es
442772200891088896,1084673762,es
442772200886898688,494190180,en
442772200920457216,911077626,en
442772200920055808,762582254,en
442772200907894784,214989450,en
442772205097984000,192387051,en
442772205093789696,2380724418,en
442772209288097793,2392440964,en
442772213499191296,967856354,tr
442772217680916480,563192579,en
442772221866835969,2372466679,tr
442772226048540673,248161458,en
442772226073694208,293079228,es
442772230247026688,2172321758,en
442772234462330881,2328022491,de
442772234458103808,154460052,tr
442772234437136384,471281917,es
442772234458128384,1971987768,tr
442772234474885120,85538070,tr
442772234449723392,1861264021,en
442772238631448577,2205360230,es
442772238656610304,498269343,nl
442772238648217600,2359245219,en
442772238635257857,2376456919,en
442772238639824896,863515986,es
442772238631059457,2258475451,en
442772242858901504,14888044,en
442772242850914304,74039763,en
442772247036841984,123972285,es
442772251235352576,220412903,en
442772259623944192,2334184454,de
442772259611353088,392278061,en
442772259632324610,1177339915,es
442772259615555584,1470359954,en
442772259619762176,272951168,es
442772259611344896,474203921,es
442772259636535296,332295084,es
442772259628122112,713324005,fr
442772259636125696,701529210,es
442772263805673472,1288675710,es
442772263797288960,940974727,tr
442772263809843200,1488513114,tr
442772272194285568,1315035890,en
442772272194256897,2324548752,tr
442772272210649089,119782615,es
442772272211050496,114015623,en
442772280582873088,327060171,es
442772280574091264,863846480,en
442772284781379584,1212501032,tr
442772284789374977,553426166,en
442772288979890176,2380808036,pt
442772288987860993,118721955,es
442772293161586689,117119913,tr
442772293157019648,604707696,es
442772293161205761,281124046,en
442772301583745025,111047453,es
442772305778049025,25190224,en
442772305748697088,1707116714,en
442772305739919360,942366019,en
442772309938806785,1654281282,pt
442772309938827264,1483628570,tr
442772309963972608,283633565,pt
442772309972377600,233892852,en
442772309963980800,19085178,en
442772309972381696,918790422,tr
442772309963988992,712061017,tr
442772314158284801,2205124205,tr
442772314145697792,2361991915,tr
442772314128908289,352757548,it
442772318327418880,2392611477,en
442772318352584704,968989434,fr
442772318344196096,531585530,tr
442772318348378112,801034766,es
442772318339620864,451636774,en
442772335116820481,522243110,es
442772335113011201,251147550,tr
442772335138181120,1002992341,es
442772335104655360,1510730832,en
442772335108829184,221408929,en
442772335138205696,307298991,es
442772335108825088,497561941,es
442772339311521793,1311884946,it
442772339319898112,788880673,fr
442772343489052672,1608987709,tr
442772343513833472,2379737040,tr
442772343518412801,1017923868,en
442772343501623296,1011122676,pt
442772343488671744,2381016385,en
442772347700121600,634471101,en
442772347712708608,2236494768,tr
442772347695939584,1587472200,es
442772347703918592,469944062,en
442772351881867264,960654030,en
442772351898636289,473746409,it
442772351886065664,327578034,tr
442772351911211008,1077752744,es
442772356092932096,946140108,fr
442772356080365568,39893068,fr
442772356088750081,157727494,es
442772364485750785,2185055943,tr
442772364476968960,1524072132,en
442772368671666177,340571646,en
442772368654884864,464552171,tr
442772372865966080,480288449,es
442772372861366272,342434086,en
442772377047674881,1475362040,es
442772377081249793,99324383,es
442772377081249793,99324383,es
442772381254569985,542325069,tr
442772385432104960,1100466732,it
442772385452679170,1081559072,fr
442772385444687872,113573767,it
442772385461456896,2373515342,de
442772385448886272,2381016385,en
442772389659938816,576771738,en
442772389634797568,703606808,en
442772389647368192,175022307,it
442772402209320960,377504467,en
442772402247057408,164455576,tr
442772402217684993,430232633,es
442772402209292288,880470840,en
442772402242867200,939433801,tr
442772402229878785,296065143,en
442772406407421952,194902602,en
442772423180832768,2270317561,en
442772423193423872,1235588946,en
442772423205986304,967856354,tr
442772423213993984,1911664734,en
442772427387727873,360228775,en
442772427379335168,2223518053,tr
442772435784724481,2370896171,pt
442772435784724480,220757213,en
442772435780513792,1926857418,pt
442772435763339265,1279072699,fr
442772435767545858,125382206,es
442772435784704000,48847439,es
442772435801497601,229209967,es
442772435780108288,136475571,es
442772435801079808,195474206,en
442772435780124672,406625088,en
442772439974821888,2267286800,tr
442772439983202304,110459012,es
442772439995777024,636132543,en
442772444181696512,2345881296,en
442772444151951360,1689562086,en
442772444160344064,833998896,en
442772444164526080,273635411,en
442772444164538368,28384411,fr
442772444164923392,944117647,tr
442772448350863360,97038273,tr
442772448371802112,377680686,es
442772448376020993,1238509004,en
442772448380203008,820811132,pt
442772452549349376,337280269,es
442772452557733888,1674236408,en
442772452570333184,91662684,en
442772452553543680,704042629,en
442772452549361664,325513808,en
442772452549357568,536258966,de
442772452557746176,1418747736,en
442772452574511104,599496049,es
442772452545167360,24999355,en
442772452561944577,1421657540,en
442772456760434688,636132543,en
442772456747462656,977019774,en
442772456773001216,2326050053,tr
442772456773013504,2224372104,tr
442772456739045376,383730692,en
442772456743247872,249292807,en
442772460967305217,424991328,it
442772460942151680,974662879,tr
442772465140641792,2314361346,tr
442772465157410816,2216612870,tr
442772465128050688,535746024,en
442772465144840193,164371520,en
442772465131851776,305838296,es
442772465161613312,610886271,en
442772465136459776,385456309,es
442772469334953984,76207462,de
442772469351735296,36083157,pt
442772469317787648,2151387966,es
442772473545650178,1572149094,en
442772473541820416,226304618,tr
442772477706768384,612610205,en
442772477736157184,372285304,es
442772477727744000,572122443,en
442772477706776576,298778818,es
442772477710573568,2276626502,en
442772477736128513,175517665,es
442772477715177472,1587044084,en
442772481930440704,992188440,es
442772481900695552,2336772770,de
442772486095007744,71640636,en
442772490293874689,138605605,es
442772490314858496,184876082,pt
442772494483980288,2367062455,en
442772494504960000,615250683,tr
442772498699268096,2231743618,tr
442772502901948416,280799304,es
442772502906146816,1264398631,en
442772502893588480,2174487673,fr
442772507104653314,396017784,es
442772507095875584,490524122,en
442772507096268800,393325107,es
442772507071115264,178081188,pt
442772507075284992,1912388486,en
442772511294771200,2285948475,tr
442772511264997377,470864495,tr
442772511261212672,1302086076,en
442772511273783296,2283955206,en
442772511294382080,1705672844,en
442772511264997376,140984264,en
442772511294783489,93206560,tr
442772511294361600,41023496,en
442772511298973696,344694278,en
442772511298949120,144604592,es
442772511269609472,1045094642,tr
442772511298945024,497972151,tr
442772511298957312,2284615848,pt
442772511298961408,147680332,es
442772515472302080,434125462,en
442772515489075200,2229459527,tr
442772515484860417,1659557677,en
442772515493269504,593086374,en
442772519679164416,86805713,es
442772519658209280,154615239,es
442772519674593280,601759521,en
442772523881889792,318710290,en
442773597585543168,17412672,en
442773597611130880,1061345102,fr
442771085201649664,932572076,en
442771085231403009,32839095,en
442771085226807296,2274839983,en
442771085235605504,2253942786,es
442771085235195906,15851618,en
442771085223010304,1381492255,en
442771089408921600,370940907,es
442771089408917504,1402606218,en
442771089400561665,2220546795,en
442771093620027392,248824582,en
442771093594853376,447056012,tr
442771093615804416,2394869505,es
442771093615828992,274977720,es
442771093586063360,548733513,es
442771097784954881,138475538,en
442771102012829696,2274173006,en
442771102008614912,557237767,es
442771114557575168,606143161,en
442771118777442306,85494461,es
442771118756487168,146300078,es
442771118772867072,2318215400,de
442771122967552001,747890929,fr
442771122946605056,1630582448,es
442771122954977280,2155058948,tr
442771122959155200,2370976044,en
442771122975944704,2257477839,tr
442771122984341506,388469835,tr
442771127157682177,562790264,fr
442771127178633216,322688770,pt
442771135550476288,2347414460,en
442771139757359104,1320973483,en
442771139732180992,255738834,en
442771143918120960,723059509,en
442771143934885888,514998711,en
442771143951654914,2372332868,es
442771143926505472,227607545,es
442771143942868992,2354933557,en
442771143934881792,853408316,en
442771148150169600,415858869,en
442771148149776384,450830701,de
442771148137574400,451469468,es
442771148116221952,125382206,es
442771148133380096,373449106,en
442771152336076801,2166575475,en
442771152315101184,750356468,en
442771152331878400,344361202,pt
442771152323506177,1555944018,en
442771152315105281,599614519,en
442771152331476992,15259875,en
442771156501008384,2261831054,tr
442771156509417473,826737187,es
442771156501016576,32418769,es
442771156521996288,500306774,pt
442771156517806080,261291882,es
442771160695324672,2236833117,tr
442771164914786305,880985870,es
442771164922773504,204829813,en
442771164902227968,2287753293,en
442771164926996481,820524434,es
442771164898025473,932975708,en
442771164906414081,2244364434,tr
442771169117483008,998867893,tr
442771169108717569,214177054,en
442771173278220288,432402944,es
442771173282033664,1700135330,en
442771173295001600,2345684095,en
442771173303009281,2175154007,en
442771173311803392,285166857,fr
442771173311803392,285166857,fr
442771177476743169,383705507,tr
442771185861136384,605816177,es
442771185873743872,2317280720,en
442771185861144577,295709221,tr
442771190088994817,569226500,tr
442771190068031489,2206939980,tr
442771190067638272,208695951,es
442771190072246272,582356731,es
442771190093205504,1510735878,tr
442771190084427776,745972604,en
442771190084812802,1319599110,en
442771194249773056,268425072,es
442771194270736384,2198486708,tr
442771194282921984,952277959,en
442771194258161664,137350585,es
442771194249359360,1296948487,pt
442771194249773057,1345206008,en
442771198473416704,476506036,en
442771198460829696,172844078,es
442771198464647168,35769101,en
442771202642575363,28137782,en
442771211060133888,466979969,en
442771215254843392,2221688544,es
442771215225458689,1174507687,es
442771215237656576,1334581346,es
442771219428179968,358848317,tr
442771219415572480,966082382,tr
442771219440754688,2394165813,en
442771223609868288,1311435914,fr
442771227820572672,2314871707,en
442771227808399360,338642098,es
442771227837739008,2290826767,en
442771240416460801,426831695,en
442771248775704576,2258179196,tr
442771252986781696,1483807135,en
442771261371203584,1849019094,en
442771265582297088,557073935,en
442771265590685696,2291114604,en
442771269768192000,1412916457,fr
442771269784973313,43164999,en
442771269751029762,894225188,es
442771269776605184,311929172,es
442771273962512384,493259105,fr
442771278152212481,1658871380,pt
442771286541238275,578451447,tr
442771286545424384,1923455635,en
442771286537035776,980459568,en
442771290735534081,426160446,en
442771290718756864,816246168,es
442771290727124992,436118694,en
442771290735120384,942823326,en
442771290756087808,413701595,es
442771290731327489,1260271046,en
442771294942429184,1065677808,tr
442771303335202816,2254158817,tr
442771307525320704,2365705537,en
442771307529527296,2370397512,en
442771307495579649,2374643754,en
442771307508559873,629469048,tr
442771307500175360,150268900,en
442771307524919296,1470701160,pt
442771311702859776,1050479095,en
442771315888779264,221393463,nl
442771315909734400,1633912770,en
442771315884179457,2194189440,en
442771320116633600,67974179,pt
442771320091471874,2375454458,tr
442771324273164290,448072384,en
442771324297949185,1955522221,es
442771324293750784,1955764573,es
442771324272787456,1574216372,en
442771324281159680,459318097,en
442771328471666688,837839228,es
442771328492658688,1579738548,it
442771328504827904,480639424,es
442771328501055489,320840950,tr
442771332699549696,2172976196,es
442771332691165185,2297917674,en
442771332665966592,1683359833,en
442771332661403648,466011885,es
442771332699140096,216774144,es
442771332669775873,428357714,es
442771332669775874,477098025,es
442771332678176768,302944694,es
442771332661399552,255145228,es
442771332673966080,256705458,es
442771332690751488,348591184,en
442771332661391361,249675307,es
442771332682379264,396220679,es
442771332686553088,406317637,es
442771332695326721,2328981409,en
442771332669779968,256678170,es
442771332690755584,303339011,es
442771332699127808,347354592,es
442771332694937600,1649786186,pt
442771332678180864,227090020,es
442771332674363392,1655228384,en
442771332678569984,450203723,de
442771332674363393,2203582698,tr
442771336885436416,1894324806,fr
442771336881274880,302650742,tr
442771336885055490,306508626,es
442771336868282368,155580901,en
442771336868282369,46160410,es
442771336856080384,478629008,es
442771341058404353,256441328,en
442771341062594560,170139080,en
442771341054599168,343070896,es
442771341075574784,2148232033,es
442771345261473792,357650156,en
442771345257287681,821901379,fr
442771345282461696,1270772646,en
442771345253101568,104393950,es
442771345274064896,127952217,en
442771345244712960,217899351,en
442771345265676288,521749187,pt
442771345269870592,1516267267,es
442771345257271296,206134471,es
442771345273663488,2298557701,tr
442771345244704768,1245536858,tr
442771345278259200,966082382,tr
442771345282068480,329355554,en
442771345252687872,2365614917,tr
442771345265684480,2372212235,en
442771345278246912,621146000,pt
442771349443186688,1921835881,en
442771349447380992,519846565,fr
442771349439012864,333308908,tr
442771349451603968,1191080700,en
442771349443198976,231182985,en
442771349459591168,1142131598,en
442771349459980288,207335227,es
442771349464182785,2349067721,tr
442771349463777281,2375702376,en
442771349472542720,363968415,es
442771349472169984,562066213,en
442771349455396864,2243204244,en
442771349468360704,900468572,es
442771349472169986,230646079,en
442771349472567296,202618324,nl
442771353637494784,1241860286,en
442771353666871297,2154537103,nl
442771353671069696,563059069,fr
442771353641308160,340117129,en
442771353641316352,1076564384,en
442771353654276096,356011255,it
442771353662267394,1619499644,en
442771353671061504,419767785,tr
442771353662676992,2207941043,fr
442771353649700864,1861775774,pt
442771353658474496,592792612,en
442771353670656000,1264636136,en
442771353641689088,1028956243,es
442771353654288384,1979434638,fr
442771362055458816,203072236,tr
442771366249385984,615359898,en
442771370418905088,582356731,es
442771370448265216,2345813762,de
442771378803326977,2291936577,it
442771378811305984,422229342,pt
442771378828480512,328010930,en
442771378803314688,2367193372,en
442771378798731265,1129558704,en
442771383022804992,1391809927,tr
442771383001829376,118746053,en
442771383001837568,974655978,nl
442771382997630976,1580330582,it
442771383018610688,282258303,es
442771383001808896,193782070,en
442771387204124672,1914042336,es
442771387187355648,1499335850,tr
442771387204521984,29810526,en
442771387191943168,1359547363,es
442771387195731968,199342515,es
442771387208728577,1916938640,en
442771391386238976,960722762,es
442771391415586816,2372234724,en
442771391390449664,1327634090,es
442771391394611200,2330513573,es
442771391402610688,2330459238,es
442771395605692416,2196341820,en
442771395614081024,478538044,tr
442771395601506304,529761166,tr
442771395601518593,617240297,fr
442771399779049473,145597536,en
442771399774855168,2345254740,es
442771399783251968,2185055943,tr
442771399783247872,2350643546,en
442771399779028992,296235904,tr
442771404002709504,943260792,tr
442771412387119104,2356922011,en
442771416552054784,937628030,es
442771416585605120,835618002,en
442771420746379264,462355978,en
442771420746375168,23335953,en
442771420767334400,459417873,nl
442771424936476672,938555046,tr
442771424940683264,1395459452,es
442771429168545792,385007218,es
442771429143347200,489932818,es
442771429143359488,953891467,tr
442771429163937792,1602632988,pt
442771437557125120,2246927857,nl
442771437519376384,1309177220,es
442771437539962880,557385931,es
442771437544550401,270390005,es
442771437527769088,295652227,fr
442771437540372482,2377435705,en
442771437548367872,2278096314,en
442771437552926720,1719967309,en
442771437548347392,401122067,en
442771437535772672,342450074,es
442771437552553984,1624437907,fr
442771441747238913,2370973784,en
442771445941153793,2361363422,nl
442771445945757696,67732945,en
442771445928955904,416601239,en
442771445916368896,343588219,en
442771450131259392,1122866958,es
442771450106478592,1745877829,tr
442771450139660289,504024931,en
442771450118688768,533427801,en
442771454321770497,366002377,es
442771454325977088,120584215,es
442771458495111168,2349002372,en
442771458495119361,282155258,tr
442771458499305472,2343225900,en
442771458524471296,2281287498,de
442771479491784704,2212157931,tr
442771483673522176,2377298915,en
442771483668910080,48604224,en
442771483660533761,2282399977,en
442771487863627776,1009742118,tr
442771487888777216,133539659,es
442771487859437568,1715729760,tr
442771492061724673,2249192773,tr
442771496243851264,2308124000,tr
442771496239652864,46751045,es
442771496277377024,1695328261,es
442771496269021184,139498898,es
442771504657625089,13737822,en
442771508826759168,2174456255,fr
442771508826767360,2166327418,es
442771508826755072,1729635668,es
442771508822548480,142318027,en
442771508856123392,1604856721,en
442771508835123200,200548670,en
442771508822573056,1162812841,es
442771508826365953,1166668674,en
442771513037840384,2281555561,en
442771517227937792,368219198,es
442771521422258176,2391389283,tr
442771525611962368,349878218,es
442771529806667777,833481374,en
442771529794076673,816213512,en
442771529818849280,175186998,en
442771529823444992,2360884949,en
442771529827622912,2197172280,en
442771529798258688,1080102404,en
442771533992566784,1385160883,en
442771533987975168,1679045647,en
442771534009364480,209362496,en
442771538191077376,253549860,es
442771538203643904,1704772788,tr
442771538212052992,2188562723,tr
442771542397956096,583700671,fr
442771542414741504,461680881,en
442771542393753600,587506386,es
442771542389178369,2266652276,es
442771546604838912,392858972,en
442771546583871488,264557502,tr
442771546579697665,361909049,tr
442771559162597376,2270176071,en
442771563348099072,70822151,es
442771563369476096,20506829,en
442771567580176384,626015303,en
442771571770281984,2151748711,en
442771571774881792,968755958,tr
442771575964569601,2336772770,de
442771575947788289,969457009,en
442771575931416576,77910958,es
442771580129906688,2262790381,tr
442771580146712577,2359873330,en
442771580150882304,2273242165,tr
442771580125720576,14153666,es
442771580129529856,2314805664,en
442771580142120961,2368358677,es
442771580154695680,781829600,en
442771580159295488,36010273,en
442771580125315072,2378537210,de
442771580134100992,876729480,es
442771584353570818,1256031710,en
442771584353570816,875446519,es
442771588539105281,378802778,en
442771588539494401,2216496245,fr
442771588522323968,216638460,en
442771588539506688,327575765,en
442771588526505984,389082414,es
442771592725426176,2276656075,en
442771596915519488,1004000802,en
442771596907134977,2361675264,en
442771601117835265,37268858,en
442771601097261057,391297521,fr
442771601130815488,1321336520,es
442771601109823488,541616469,es
442771601097244672,1711322827,es
442771605325107200,508886436,tr
442771605304131584,1050957499,tr
442771605299544064,628142368,en
442771605304135680,785156742,en
442771605329297408,71212723,en
442771605295730688,221464883,pt
442771605316706305,438000190,pt
442771605299924992,617124734,es
442771605303738368,333586580,en
442771605303742464,409541952,en
442771605320921088,1022627317,es
442771605299941376,737376415,en
442771605329285120,711518027,en
442771605299552257,227852948,en
442771605316313088,139624285,es
442771622102319105,436718719,en
442771622072954881,2250803098,tr
442771622077145088,2381024023,tr
442771622072963072,1194369710,es
442771622098112512,81150905,en
442771626292428800,2279225281,tr
442771626288246784,2360435162,de
442771626271469568,2203749830,tr
442771626279440384,295796530,en
442771626275647488,2397645893,pt
442771626300805120,352367921,en
442771634672656384,588249455,tr
442771634651668480,130665196,pt
442771643061260288,1195786932,en
442771643052863488,308972504,tr
442771647255568384,1465036717,es
442771647251349504,2364631782,pt
442771651462053888,1296370141,en
442771655644176384,1735483591,tr
442771655639965697,51209210,pt
442771655656755200,1597804387,en
442771659817517056,211677750,es
442771659855265793,2291088342,en
442771664020180992,2291088342,en
442771668243861506,1029849132,pt
442771668239675393,943954880,tr
442771672408809475,1040685002,tr
442771672417181696,115518971,tr
442771672404615168,290680990,pt
442771672429776896,430260258,es
442771672417173504,418405049,en
442771672404606976,972196315,en
442771672433975296,1893417668,en
442771672417193984,1855696760,pt
442771672437780480,2377832876,en
442771672429383680,790553946,en
442771672425582592,1646871294,es
442771680793223168,944083340,tr
442771680818393088,15108711,en
442771680826773505,736053614,it
442771680813805569,419370659,tr
442771685012692992,1917079052,en
442771684995514369,399215494,es
442771684999696385,2272739754,en
442771689215385600,2372893189,en
442771701781508096,2195387346,en
442771701785718785,1478387028,tr
442771705962848256,2351651116,en
442771705992585217,2350506265,es
442771705992593409,1102003338,en
442771705980022784,624869202,en
442771705988399104,702370530,en
442771705975427072,35094793,en
442771710161723392,497298464,it
442771710157549568,726492667,fr
442771710178508800,1202115595,es
442771710178508801,1255335170,es
442771710182719488,55559157,es
442771710153330689,474318996,fr
442771710174298112,607758522,es
442771710149160961,844220749,es
442771710170120192,261376675,en
442771710174318592,2379324355,pt
442771718546153472,2372881410,en
442771718541557760,369301338,pt
442771718571298816,427749468,en
442771718554546176,2196661802,en
442771718558732288,968351976,tr
442771718571315200,471489605,tr
442771722753040384,1002838483,es
442771722736263168,2334482704,es
442771722740453376,1705862366,es
442771726955732992,39773608,en
442771726943158272,2249638260,en
442771726964129792,2323971318,en
442771743741325312,2351045705,tr
442771747926843392,1655700073,en
442771760510169088,2331038993,tr
442771760493375488,772077589,en
442771764699860992,1955036827,en
442771773088886785,1553447690,en
442771773071695873,2337223832,es
442771773063700481,426834798,pt
442771777283166208,1127028049,en
442771777257607169,108176858,en
442771781452320768,1033695942,en
442771781456519169,231921579,en
442771781464887296,414662686,en
442771781460692993,2201186090,tr
442771781452316672,2152296819,en
442771781460705281,807826459,en
442771785650827265,176284744,es
442771785684365312,1440410858,tr
442771785680158720,1134118862,en
442771785675997185,598623748,it
442771785684353024,362084030,en
442771789878657026,2256721608,en
442771789845114880,151908298,de
442771789861879808,2361522746,en
442771789848928256,538581178,en
442771789861507073,2397602357,es
442771789874466816,23528018,en
442771789874470912,894164162,pt
442771794039406592,861863786,en
442771794035212288,2228440259,en
442771794035220481,2276911312,fr
442771794039406593,150095064,es
442771794068787200,307073702,pt
442771794043625473,295112173,nl
442771794056183809,606402789,es
442771798263103488,65375315,fr
442771798267269120,387733399,en
442771798254714880,157871393,es
442771802440605697,428028042,de
442771806630711296,1860934411,en
442771806626525184,1976355528,en
442771806634516480,402866649,en
442771810841821184,2183451783,tr
442771810825023488,241301869,nl
442771810825035776,1442229894,en
442771810833403905,807698461,en
442771810845609984,609698469,en
442771815019339776,1673623766,es
442771815006760962,1415442427,en
442771815044489216,2328201442,es
442771815040290816,67083942,es
442771815044112384,2372399574,en
442771815044505600,624819809,en
442771815027707904,2212910635,tr
442771815027728384,1319125638,de
442771819205255168,2345924198,es
442771819221630976,1673824777,en
442771819213234177,570915596,en
442771819209035776,2158252044,pt
442771819234615296,378215824,es
442771819226202112,104036367,es
442771823428927488,2259111002,tr
442771823403753472,2324429225,en
442771823432699905,886454520,en
442771823395364864,492904449,fr
442771827593867265,309549270,en
442771827614810112,239182688,es
442771827589677057,2195442680,en
442771827614838785,484641437,tr
442771827619033089,1642968505,fr
442771827601842176,354522493,fr
442771827627413504,709949748,pt
442771827593474050,321084498,en
442771827606036481,16150009,en
442771827597668352,22465260,en
442771831813308416,228477886,en
442771831788175362,2356935901,en
442771840210317312,262097748,en
442771840193531904,112686536,pt
442771840176783360,357006303,tr
442771844379467776,2195281830,en
442771844391649283,2232340237,de
442771844400443393,2195393366,en
442771844366864384,1954635912,en
442771844379447297,2358603798,de
442771848577953792,2351401310,en
442771861144109056,414315614,es
442771873735397376,1119470244,en
442771873752158208,425084243,pt
442771873731215360,139214929,en
442771877950676992,296888366,es
442771877954863104,329815165,en
442771877938094080,857270820,en
442771877950287873,300954074,en
442771877929308160,282689927,en
442771877954859008,1452635208,tr
442771877925109760,1675359276,en
442771882136567809,2183644517,it
442771882115612672,940075980,tr
442771882140766208,942136826,tr
442771886309916672,2392230783,de
442771898917994497,970790402,tr
442771903091343360,2386360191,tr
442771903112306690,2211049003,en
442771903095521281,2247046125,es
442771907302420480,2195432545,en
442771911488307200,16115590,en
442771919889530880,32418769,es
442771919889526784,1092903210,en
442771924067057664,61247482,en
442771928252973056,33713636,en
442771928290324481,794004156,en
442771932447244288,2250575240,tr
442771932464054272,505095829,en
442771932480811008,194372873,en
442771932451450881,28154558,en
442771932463644672,2291186905,en
442771932472426496,83434414,en
442771932485005312,1261634370,fr
442771932464046080,461649047,es
442771932446851072,213068877,en
442771932451467264,167871448,fr
442771932467826688,149295188,en
442771936666714112,923673584,pt
442771936670937088,1280609000,es
442771936670531584,16078680,en
442771936662540289,2283961706,en
442771940869419008,272807291,es
442771940873609217,2363099868,en
442771940869435392,893886038,pt
442771940865224705,270528268,en
442771940869410816,42424552,en
442771945034354689,2197219604,en
442771945034379264,1103311658,en
442771945051140096,1895581590,de
442771945067524096,804887790,en
442771945038544896,21324543,en
442771945059123200,162681650,en
442771949228281856,912280626,en
442771953435574272,2213114456,pt
442771953448144896,452612787,en
442771953439739904,64483314,pt
442771957638258688,2184627465,tr
442771957625655297,2358215487,tr
442771961811582976,574846638,tr
442771966005899265,2361688405,en
442771966026469377,2262349927,en
442771970195988480,2305355990,en
442771970212777984,1555598293,fr
442771970208563200,1346479028,tr
442771970229547010,1106076980,en
442771970204397568,233517485,en
442771970195591168,536498417,fr
442771970208571393,1075489808,en
442771970203983872,353370304,es
442771970220752897,2235897882,tr
442771970221174784,302872422,en
442771970200178688,408373436,en
442771970216579072,1660706100,es
442771970233352192,857422182,en
442771974423842817,2196035190,fr
442771974423846912,425340804,es
442771974428033024,482136413,es
442771974428065792,898040352,fr
442771974411288577,205005129,es
442771974423461888,2269908218,es
442771974423842816,858509197,en
442771978609754113,2163433837,fr
442771986998382594,1483847347,en
442771986994167808,178951615,es
442771991175905280,369350932,tr
442771991204880386,1469867642,es
442771991188504577,2248797958,es
442771991196475392,531148996,en
442771991184302080,252291915,en
442771995391193088,938552388,tr
442771995382788096,90744015,en
442771995399577601,1032432954,en
442771999572918272,942794377,en
442771999577104384,547122020,es
442771999581278209,159826226,es
442772003762999297,2379570524,tr
442772007957327872,453271392,en
442772007953113088,2220227540,tr
442772070859300864,368844675,tr
442772532262100992,1584486824,de
442770128930103296,1106079661,en
442770133111820288,283896113,tr
442770133090844672,223547920,es
442770133128601600,1183788913,pt
442770133116002304,2345680220,en
442770137288949761,461130691,en
442770141504630784,2274224792,en
442770141483638784,31132826,en
442770141504630785,550312115,de
442770141512601600,602274232,en
442770145694744576,392576149,en
442770145682137088,2214758654,tr
442770149893230593,48874550,es
442770149897412608,768197065,en
442770154100117504,1913718277,fr
442770154100109313,1313115836,en
442770158273454080,2333445475,pt
442770158286041088,188872340,en
442770158281441280,451856160,en
442770158273064960,1493307890,en
442770162455150592,2273242165,tr
442770162467749888,500156764,es
442770162467749890,1622030539,en
442770162454777856,1515566641,en
442770162476142592,589361303,pt
442770170873147392,1525750489,es
442770175054860288,2251756995,tr
442770175071637504,620407408,en
442770183430897664,2371581283,en
442770183460233216,896900833,fr
442770183426293760,57849838,es
442770191840456704,19825809,en
442770191810703361,20119483,en
442770191810711552,299330454,de
442770191815299073,1243994029,en
442770191823695873,1879734865,fr
442770191811104768,1688344308,en
442770196005404672,185014286,es
442770196038955008,917572080,es
442770196005396481,2295129152,en
442770196022173697,2301441013,en
442770196009218048,110367991,en
442770196026368000,93497161,tr
442770196043137024,85610418,tr
442770196021772288,2366281452,en
442770196030181376,26688789,en
442770196017987584,231646773,es
442770196005416961,884118980,es
442770200199716864,273527951,en
442770200229076992,1413187764,tr
442770200203898881,520447201,tr
442770200216076288,227446390,en
442770200203517952,348215380,en
442770200224489472,38726477,en
442770200228667394,1868532408,en
442770200237445120,780819348,pt
442770200203505664,580969427,tr
442770200203505664,580969427,tr
442770204423389184,2297995329,en
442770204414996480,1075993327,tr
442770204427571201,2188900014,es
442770204410404864,305281508,en
442770204414599169,579173579,en
442770204423364608,964187516,es
442770204401991680,1707815582,en
442770204397821952,554702984,fr
442770204419182592,573114762,fr
442770208621461505,163159468,en
442770208608878593,391611525,es